<?xml version="1.0" encoding="UTF-8"?>

<!-- this is the place to put additional parameters to your own tts wrapper impl. -->
<!-- the class parameter must be supplied, though. -->
<!-- ${transformer_dir} represents the directory where se_tpb_speechgenerator resides. -->


<ttsbuilder>
	<!--******************************************************************************
	Windows
	*******************************************************************************-->
	<os>
		<!-- all properties must match java's System.getProperties()-properties.
			Standard regex match for an os to be usable in this program. -->
		<property name="os.name" match="[Ww]indows.*" />
		
		<lang lang="en">
			<!-- since xml:lang determines the tts use in this program, provide only one tts per language! -->
			<!-- 
								
				<param name="sapiVoiceSelection" value="Gender=Female;Age!=Child;Language=409"/>
				
				would result in a 
					<voice optional="Gender=Female;Age!=Child;Language=409">bla bla</voice>
				around every phrase produced using this tts. More on sapi xml control tags here:
				http://msdn.microsoft.com/library/default.asp?url=/library/en-us/SAPI51sr/Whitepapers/WP_XML_TTS_Tutorial.asp
				
				Language Code for Swedish voice: 41D
					
				On language codes:
				note: sapi language codes are in hex notation, without the characteristic "0x"...
				The parameter:
				A language ID is a 16 bit value which is the combination of a primary language ID 
				and a secondary language ID. The bits are allocated as follows:
				+- - - - - - - - - - - - - - - - - - - -+
				| Sublanguage ID |  Primary Language ID |
				+- - - - - - - - - - - - - - - - - - - -+
				15            10 9                    0 bit
				Please note that to get primary language from language Id, you must AND the Id 
				with number 0x3FF (1023 in decimal).
				
				(http://xtras.timehouse.fi/download/speechXtradocs.pdf)
			-->
			
			<!-- this is configuration for one tts impl. the "default" attribute may be se to true 
				for one (1) configuration for each os. -->
			
			<tts default="true">
            <!--
				<param name="class" value="se_tpb_speechgen2.tts.adapters.LocalStreamTTS"/>
				<param name="command" value="${transformer_dir}/external/SimpleCommandLineTTS/SimpleCommandLineTTS.exe"/> 
            -->
                <param name="class" value="se_tpb_speechgen2.external.win.DefaultSapiTTS"/>
				<param name="xslt" value="${transformer_dir}/xslt/transform.xsl"/>
				
				<!-- character substitution choices -->
				<param name="characterSubstitutionTables" value="${transformer_dir}/charsubst/character-translation-table.xml"/>
				
			</tts>
		</lang>
		
	</os>
	
	
	<!--******************************************************************************
	Linux
	*******************************************************************************-->
	<os>
		<property name="os.name" match="[Ll]inux.*" />
		
		<lang lang="en">
			<tts default="true">
				<param name="eSpeakVoiceFile" value="default"/>
				<param name="class" value="se_tpb_speechgen2.external.linux.ESpeakTTS"/>				
				<param name="characterSubstitutionTables" value="${transformer_dir}/charsubst/character-translation-table.xml"/>
				<param name="year" value="${transformer_dir}/regex/year_en.xml"/>
				<param name="xslt" value="${transformer_dir}/xslt/transform.xsl"/>
			</tts>
			<!--
			<tts default="true">
				<param name="class" value="se_tpb_speechgen2.tts.adapters.JLoq"/>
				<param name="regex" value="${transformer_dir}/regex/loquendo-general.xml"/>
				<param name="ttsProperties" value="${transformer_dir}/conf/loquendo.xml"/>
				<param name="xslt" value="${transformer_dir}/xslt/loquendo-en.xsl"/>
				<param name="year" value="${transformer_dir}/regex/year_en.xml"/>				
				<param name="characterSubstitutionTables" value="${transformer_dir}/charsubst/character-translation-table.xml"/>
			</tts>
			-->
		</lang>
		<lang lang="af">
			<tts>
				<param name="eSpeakVoiceFile" value="af"/>
				<param name="class" value="se_tpb_speechgen2.external.linux.ESpeakTTS"/>				
				<param name="characterSubstitutionTables" value="${transformer_dir}/charsubst/character-translation-table.xml"/>
				<param name="year" value="${transformer_dir}/regex/year_en.xml"/>
				<param name="xslt" value="${transformer_dir}/xslt/transform.xsl"/>
			</tts>
		</lang>
		<lang lang="bs">
			<tts>
				<param name="eSpeakVoiceFile" value="bs"/>
				<param name="class" value="se_tpb_speechgen2.external.linux.ESpeakTTS"/>				
				<param name="characterSubstitutionTables" value="${transformer_dir}/charsubst/character-translation-table.xml"/>
				<param name="year" value="${transformer_dir}/regex/year_en.xml"/>
				<param name="xslt" value="${transformer_dir}/xslt/transform.xsl"/>
			</tts>
		</lang>		
		<lang lang="cs">
			<tts>
				<param name="eSpeakVoiceFile" value="cs"/>
				<param name="class" value="se_tpb_speechgen2.external.linux.ESpeakTTS"/>				
				<param name="characterSubstitutionTables" value="${transformer_dir}/charsubst/character-translation-table.xml"/>
				<param name="year" value="${transformer_dir}/regex/year_en.xml"/>
				<param name="xslt" value="${transformer_dir}/xslt/transform.xsl"/>
			</tts>
		</lang>		
		<lang lang="de">
			<tts>
				<param name="eSpeakVoiceFile" value="de"/>
				<param name="class" value="se_tpb_speechgen2.external.linux.ESpeakTTS"/>				
				<param name="characterSubstitutionTables" value="${transformer_dir}/charsubst/character-translation-table.xml"/>
				<param name="year" value="${transformer_dir}/regex/year_en.xml"/>
				<param name="xslt" value="${transformer_dir}/xslt/transform.xsl"/>
			</tts>
			<!-- Use the following if you'd like to use the AT&T Natural voices TTS
			<tts>
				<param name="class" value="se_tpb_speechgen2.external.linux.ATTNaturalVoicesTTS"/>
				<param name="characterSubstitutionTables" value="${transformer_dir}/charsubst/ATTNaturalVoicesGerman.xml"/>
			</tts>
			-->
		</lang>
		<lang lang="el">
			<tts>
				<param name="eSpeakVoiceFile" value="el"/>
				<param name="class" value="se_tpb_speechgen2.external.linux.ESpeakTTS"/>				
				<param name="characterSubstitutionTables" value="${transformer_dir}/charsubst/character-translation-table.xml"/>
				<param name="year" value="${transformer_dir}/regex/year_en.xml"/>
				<param name="xslt" value="${transformer_dir}/xslt/transform.xsl"/>
			</tts>
		</lang>		
		<lang lang="es">
			<tts>
				<param name="eSpeakVoiceFile" value="es"/>
				<param name="class" value="se_tpb_speechgen2.external.linux.ESpeakTTS"/>				
				<param name="characterSubstitutionTables" value="${transformer_dir}/charsubst/character-translation-table.xml"/>
				<param name="year" value="${transformer_dir}/regex/year_en.xml"/>
				<param name="xslt" value="${transformer_dir}/xslt/transform.xsl"/>
			</tts>
		</lang>
		<lang lang="fi">
			<tts>
				<param name="eSpeakVoiceFile" value="fi"/>
				<param name="class" value="se_tpb_speechgen2.external.linux.ESpeakTTS"/>				
				<param name="characterSubstitutionTables" value="${transformer_dir}/charsubst/character-translation-table.xml"/>
				<param name="year" value="${transformer_dir}/regex/year_en.xml"/>
				<param name="xslt" value="${transformer_dir}/xslt/transform.xsl"/>
			</tts>
		</lang>		
		<lang lang="fr">
			<tts>
				<param name="eSpeakVoiceFile" value="fr"/>
				<param name="class" value="se_tpb_speechgen2.external.linux.ESpeakTTS"/>				
				<param name="characterSubstitutionTables" value="${transformer_dir}/charsubst/character-translation-table.xml"/>
				<param name="year" value="${transformer_dir}/regex/year_en.xml"/>
				<param name="xslt" value="${transformer_dir}/xslt/transform.xsl"/>
			</tts>
		</lang>
		<!--
		<lang lang="grc">
			<tts>
				<param name="eSpeakVoiceFile" value="grc"/>
				<param name="class" value="se_tpb_speechgen2.external.linux.ESpeakTTS"/>				
				<param name="characterSubstitutionTables" value="${transformer_dir}/charsubst/character-translation-table.xml"/>
				<param name="year" value="${transformer_dir}/regex/year_en.xml"/>
				<param name="xslt" value="${transformer_dir}/xslt/transform.xsl"/>
			</tts>
		</lang>
		-->
		<lang lang="hi">
			<tts>
				<param name="eSpeakVoiceFile" value="hi"/>
				<param name="class" value="se_tpb_speechgen2.external.linux.ESpeakTTS"/>				
				<param name="characterSubstitutionTables" value="${transformer_dir}/charsubst/character-translation-table.xml"/>
				<param name="year" value="${transformer_dir}/regex/year_en.xml"/>
				<param name="xslt" value="${transformer_dir}/xslt/transform.xsl"/>
			</tts>
		</lang>					
		<lang lang="hr">
			<tts>
				<param name="eSpeakVoiceFile" value="hr"/>
				<param name="class" value="se_tpb_speechgen2.external.linux.ESpeakTTS"/>				
				<param name="characterSubstitutionTables" value="${transformer_dir}/charsubst/character-translation-table.xml"/>
				<param name="year" value="${transformer_dir}/regex/year_en.xml"/>
				<param name="xslt" value="${transformer_dir}/xslt/transform.xsl"/>
			</tts>
		</lang>
		<lang lang="hu">
			<tts>
				<param name="eSpeakVoiceFile" value="hu"/>
				<param name="class" value="se_tpb_speechgen2.external.linux.ESpeakTTS"/>				
				<param name="characterSubstitutionTables" value="${transformer_dir}/charsubst/character-translation-table.xml"/>
				<param name="year" value="${transformer_dir}/regex/year_en.xml"/>
				<param name="xslt" value="${transformer_dir}/xslt/transform.xsl"/>
			</tts>
		</lang>
		<lang lang="is">
			<tts>
				<param name="eSpeakVoiceFile" value="is"/>
				<param name="class" value="se_tpb_speechgen2.external.linux.ESpeakTTS"/>				
				<param name="characterSubstitutionTables" value="${transformer_dir}/charsubst/character-translation-table.xml"/>
				<param name="year" value="${transformer_dir}/regex/year_en.xml"/>
				<param name="xslt" value="${transformer_dir}/xslt/transform.xsl"/>
			</tts>
		</lang>
		<lang lang="it">
			<tts>
				<param name="eSpeakVoiceFile" value="it"/>
				<param name="class" value="se_tpb_speechgen2.external.linux.ESpeakTTS"/>				
				<param name="characterSubstitutionTables" value="${transformer_dir}/charsubst/character-translation-table.xml"/>
				<param name="year" value="${transformer_dir}/regex/year_en.xml"/>
				<param name="xslt" value="${transformer_dir}/xslt/transform.xsl"/>
			</tts>
		</lang>
		<lang lang="la">
			<tts>
				<param name="eSpeakVoiceFile" value="la"/>
				<param name="class" value="se_tpb_speechgen2.external.linux.ESpeakTTS"/>				
				<param name="characterSubstitutionTables" value="${transformer_dir}/charsubst/character-translation-table.xml"/>
				<param name="year" value="${transformer_dir}/regex/year_en.xml"/>
				<param name="xslt" value="${transformer_dir}/xslt/transform.xsl"/>
			</tts>
		</lang>
		<lang lang="nl">
			<tts>
				<param name="eSpeakVoiceFile" value="nl"/>
				<param name="class" value="se_tpb_speechgen2.external.linux.ESpeakTTS"/>				
				<param name="characterSubstitutionTables" value="${transformer_dir}/charsubst/character-translation-table.xml"/>
				<param name="year" value="${transformer_dir}/regex/year_en.xml"/>
				<param name="xslt" value="${transformer_dir}/xslt/transform.xsl"/>
			</tts>
		</lang>		
		<lang lang="no">
			<tts>
				<param name="eSpeakVoiceFile" value="no"/>
				<param name="class" value="se_tpb_speechgen2.external.linux.ESpeakTTS"/>				
				<param name="characterSubstitutionTables" value="${transformer_dir}/charsubst/character-translation-table.xml"/>
				<param name="year" value="${transformer_dir}/regex/year_en.xml"/>
				<param name="xslt" value="${transformer_dir}/xslt/transform.xsl"/>
			</tts>
		</lang>		
		<lang lang="pl">
			<tts>
				<param name="eSpeakVoiceFile" value="pl"/>
				<param name="class" value="se_tpb_speechgen2.external.linux.ESpeakTTS"/>				
				<param name="characterSubstitutionTables" value="${transformer_dir}/charsubst/character-translation-table.xml"/>
				<param name="year" value="${transformer_dir}/regex/year_en.xml"/>
				<param name="xslt" value="${transformer_dir}/xslt/transform.xsl"/>
			</tts>
		</lang>	
		<lang lang="ru">
			<tts>
				<param name="eSpeakVoiceFile" value="ru"/>
				<param name="class" value="se_tpb_speechgen2.external.linux.ESpeakTTS"/>				
				<param name="characterSubstitutionTables" value="${transformer_dir}/charsubst/character-translation-table.xml"/>
				<param name="year" value="${transformer_dir}/regex/year_en.xml"/>
				<param name="xslt" value="${transformer_dir}/xslt/transform.xsl"/>
			</tts>
		</lang>
		<lang lang="sk">
			<tts>
				<param name="eSpeakVoiceFile" value="sk"/>
				<param name="class" value="se_tpb_speechgen2.external.linux.ESpeakTTS"/>				
				<param name="characterSubstitutionTables" value="${transformer_dir}/charsubst/character-translation-table.xml"/>
				<param name="year" value="${transformer_dir}/regex/year_en.xml"/>
				<param name="xslt" value="${transformer_dir}/xslt/transform.xsl"/>
			</tts>
		</lang>		
		<lang lang="sr">
			<tts>
				<param name="eSpeakVoiceFile" value="sr"/>
				<param name="class" value="se_tpb_speechgen2.external.linux.ESpeakTTS"/>				
				<param name="characterSubstitutionTables" value="${transformer_dir}/charsubst/character-translation-table.xml"/>
				<param name="year" value="${transformer_dir}/regex/year_en.xml"/>
				<param name="xslt" value="${transformer_dir}/xslt/transform.xsl"/>
			</tts>
		</lang>
		<lang lang="sv">
			<tts>
				<param name="eSpeakVoiceFile" value="sv"/>
				<param name="class" value="se_tpb_speechgen2.external.linux.ESpeakTTS"/>				
				<param name="characterSubstitutionTables" value="${transformer_dir}/charsubst/character-translation-table.xml"/>
				<param name="year" value="${transformer_dir}/regex/year_en.xml"/>
				<param name="xslt" value="${transformer_dir}/xslt/transform.xsl"/>
			</tts>
		</lang>
		<lang lang="sw">
			<tts>
				<param name="eSpeakVoiceFile" value="sw"/>
				<param name="class" value="se_tpb_speechgen2.external.linux.ESpeakTTS"/>				
				<param name="characterSubstitutionTables" value="${transformer_dir}/charsubst/character-translation-table.xml"/>
				<param name="year" value="${transformer_dir}/regex/year_en.xml"/>
				<param name="xslt" value="${transformer_dir}/xslt/transform.xsl"/>
			</tts>
		</lang>		
		<lang lang="ta">
			<tts>
				<param name="eSpeakVoiceFile" value="ta"/>
				<param name="class" value="se_tpb_speechgen2.external.linux.ESpeakTTS"/>				
				<param name="characterSubstitutionTables" value="${transformer_dir}/charsubst/character-translation-table.xml"/>
				<param name="year" value="${transformer_dir}/regex/year_en.xml"/>
				<param name="xslt" value="${transformer_dir}/xslt/transform.xsl"/>
			</tts>
		</lang>
		<lang lang="tr">
			<tts>
				<param name="eSpeakVoiceFile" value="tr"/>
				<param name="class" value="se_tpb_speechgen2.external.linux.ESpeakTTS"/>				
				<param name="characterSubstitutionTables" value="${transformer_dir}/charsubst/character-translation-table.xml"/>
				<param name="year" value="${transformer_dir}/regex/year_en.xml"/>
				<param name="xslt" value="${transformer_dir}/xslt/transform.xsl"/>
			</tts>
		</lang>
		<lang lang="vi">
			<tts>
				<param name="eSpeakVoiceFile" value="vi"/>
				<param name="class" value="se_tpb_speechgen2.external.linux.ESpeakTTS"/>				
				<param name="characterSubstitutionTables" value="${transformer_dir}/charsubst/character-translation-table.xml"/>
				<param name="year" value="${transformer_dir}/regex/year_en.xml"/>
				<param name="xslt" value="${transformer_dir}/xslt/transform.xsl"/>
			</tts>
		</lang>
		<lang lang="zh">
			<tts>
				<param name="eSpeakVoiceFile" value="zh"/>
				<param name="class" value="se_tpb_speechgen2.external.linux.ESpeakTTS"/>				
				<param name="characterSubstitutionTables" value="${transformer_dir}/charsubst/character-translation-table.xml"/>
				<param name="year" value="${transformer_dir}/regex/year_en.xml"/>
				<param name="xslt" value="${transformer_dir}/xslt/transform.xsl"/>
			</tts>
		</lang>
		<!--
		<lang lang="zh-yue">
			<tts>
				<param name="eSpeakVoiceFile" value="zhy"/>
				<param name="class" value="se_tpb_speechgen2.external.linux.ESpeakTTS"/>				
				<param name="characterSubstitutionTables" value="${transformer_dir}/charsubst/character-translation-table.xml"/>
				<param name="year" value="${transformer_dir}/regex/year_en.xml"/>
			</tts>
		</lang>
		-->
	</os>
	
	
	<!--******************************************************************************
	Max OS X
	*******************************************************************************-->
	<os>
		<property name="os.name" match="Mac OS X" />

   		<lang lang="en">
			<tts default="true">
				<param name="class" value="se_tpb_speechgen2.external.MacOS.MacSayTTS"/>
                <param name="regex" value="${transformer_dir}/regex/macosx-say.xml"/>
				<param name="xslt" value="${transformer_dir}/xslt/transform.xsl"/>
			</tts>
		</lang>
	
	</os>
	
</ttsbuilder>